{"cameraMode":{"drawMode":0,"name":"Shaded","section":"Shading Mode"},"sceneLighting":false,"audioPlay":false,"sceneViewState":{"m_AlwaysRefresh":false,"showFog":true,"showSkybox":false,"showFlares":true,"showImageEffects":true,"showParticleSystems":true,"showVisualEffectGraphs":true,"m_FxEnabled":true},"in2DMode":false,"pivot":{"x":0.9925229549407959,"y":2.720951795578003,"z":1.8767859935760499},"rotation":{"x":-0.052016131579875949,"y":-0.8644894957542419,"z":0.09134967625141144,"w":-0.4916856586933136},"size":1.724029541015625,"orthographic":false}