{"cameraMode":{"drawMode":0,"name":"Shaded","section":"Shading Mode"},"sceneLighting":false,"audioPlay":false,"sceneViewState":{"m_AlwaysRefresh":false,"showFog":true,"showSkybox":false,"showFlares":true,"showImageEffects":true,"showParticleSystems":true,"showVisualEffectGraphs":true,"m_FxEnabled":true},"in2DMode":false,"pivot":{"x":0.04409605264663696,"y":1.231560468673706,"z":-2.4389421939849855},"rotation":{"x":-0.0008267491939477623,"y":0.9932882189750671,"z":0.007142818067222834,"w":0.11553892493247986},"size":2.2729883193969728,"orthographic":false}