{"cameraMode":{"drawMode":0,"name":"Shaded","section":"Shading Mode"},"sceneLighting":false,"audioPlay":false,"sceneViewState":{"m_AlwaysRefresh":false,"showFog":true,"showSkybox":false,"showFlares":true,"showImageEffects":true,"showParticleSystems":true,"showVisualEffectGraphs":true,"m_FxEnabled":true},"in2DMode":false,"pivot":{"x":1.0634208917617798,"y":0.8634681701660156,"z":0.36379551887512209},"rotation":{"x":-0.0075788190588355068,"y":0.9788336753845215,"z":-0.20128342509269715,"w":-0.03673246130347252},"size":1.7320507764816285,"orthographic":false}