{"cameraMode":{"drawMode":0,"name":"Shaded","section":"Shading Mode"},"sceneLighting":false,"audioPlay":false,"sceneViewState":{"m_AlwaysRefresh":false,"showFog":true,"showSkybox":false,"showFlares":true,"showImageEffects":true,"showParticleSystems":true,"showVisualEffectGraphs":true,"m_FxEnabled":true},"in2DMode":false,"pivot":{"x":-6.683779716491699,"y":-0.039999961853027347,"z":-21.776363372802736},"rotation":{"x":0.12497930973768234,"y":0.396371990442276,"z":-0.054607585072517398,"w":0.9079484939575195},"size":6.060446262359619,"orthographic":false}