{"cameraMode":{"drawMode":0,"name":"Shaded","section":"Shading Mode"},"sceneLighting":false,"audioPlay":false,"sceneViewState":{"m_AlwaysRefresh":false,"showFog":true,"showSkybox":false,"showFlares":true,"showImageEffects":true,"showParticleSystems":true,"showVisualEffectGraphs":true,"m_FxEnabled":true},"in2DMode":false,"pivot":{"x":0.0032314956188201906,"y":-0.000003635883331298828,"z":0.009145379066467286},"rotation":{"x":0.03218788281083107,"y":0.959696888923645,"z":-0.25048619508743288,"w":0.12332247942686081},"size":0.6378112435340881,"orthographic":false}