{"cameraMode":{"drawMode":0,"name":"Shaded","section":"Shading Mode"},"sceneLighting":false,"audioPlay":false,"sceneViewState":{"m_AlwaysRefresh":false,"showFog":true,"showSkybox":false,"showFlares":true,"showImageEffects":true,"showParticleSystems":true,"showVisualEffectGraphs":true,"m_FxEnabled":true},"in2DMode":false,"pivot":{"x":11.491199493408204,"y":0.07800006866455078,"z":-2.1092424392700197},"rotation":{"x":0.12497930973768234,"y":0.396371990442276,"z":-0.054607585072517398,"w":0.9079484939575195},"size":7.806605339050293,"orthographic":false}