{"cameraMode":{"drawMode":0,"name":"Shaded","section":"Shading Mode"},"sceneLighting":false,"audioPlay":false,"sceneViewState":{"m_AlwaysRefresh":false,"showFog":true,"showSkybox":false,"showFlares":true,"showImageEffects":true,"showParticleSystems":true,"showVisualEffectGraphs":true,"m_FxEnabled":true},"in2DMode":false,"pivot":{"x":1.193354606628418,"y":-0.004458904266357422,"z":0.9421212673187256},"rotation":{"x":0.36632564663887026,"y":0.03376580402255058,"z":-0.013334290124475956,"w":0.9297995567321777},"size":13.700879096984864,"orthographic":false}