{"cameraMode":{"drawMode":0,"name":"Shaded","section":"Shading Mode"},"sceneLighting":false,"audioPlay":false,"sceneViewState":{"m_AlwaysRefresh":false,"showFog":true,"showSkybox":false,"showFlares":true,"showImageEffects":true,"showParticleSystems":true,"showVisualEffectGraphs":true,"m_FxEnabled":true},"in2DMode":false,"pivot":{"x":14.640621185302735,"y":-0.12289561331272125,"z":-3.774134397506714},"rotation":{"x":0.12497930973768234,"y":0.396371990442276,"z":-0.054607585072517398,"w":0.9079484939575195},"size":0.8660253882408142,"orthographic":false}