{"cameraMode":{"drawMode":0,"name":"Shaded","section":"Shading Mode"},"sceneLighting":false,"audioPlay":false,"sceneViewState":{"m_AlwaysRefresh":false,"showFog":true,"showSkybox":false,"showFlares":true,"showImageEffects":true,"showParticleSystems":true,"showVisualEffectGraphs":true,"m_FxEnabled":true},"in2DMode":false,"pivot":{"x":-6.731411457061768,"y":0.09000003337860108,"z":-16.000484466552736},"rotation":{"x":0.12497930973768234,"y":0.396371990442276,"z":-0.054607585072517398,"w":0.9079484939575195},"size":3.7740190029144289,"orthographic":false}