{"cameraMode":{"drawMode":0,"name":"Shaded","section":"Shading Mode"},"sceneLighting":false,"audioPlay":false,"sceneViewState":{"m_AlwaysRefresh":false,"showFog":true,"showSkybox":false,"showFlares":true,"showImageEffects":true,"showParticleSystems":true,"showVisualEffectGraphs":true,"m_FxEnabled":true},"in2DMode":false,"pivot":{"x":4.172325134277344e-7,"y":0.8783712387084961,"z":0.005889609456062317},"rotation":{"x":-0.02266836166381836,"y":0.9731104969978333,"z":-0.20163488388061524,"w":-0.10972680896520615},"size":1.3227510452270508,"orthographic":false}