{"cameraMode":{"drawMode":0,"name":"Shaded","section":"Shading Mode"},"sceneLighting":false,"audioPlay":false,"sceneViewState":{"m_AlwaysRefresh":false,"showFog":true,"showSkybox":false,"showFlares":true,"showImageEffects":true,"showParticleSystems":true,"showVisualEffectGraphs":true,"m_FxEnabled":true},"in2DMode":false,"pivot":{"x":2.2983226776123049,"y":7.522971153259277,"z":25.40060806274414},"rotation":{"x":0.0704408809542656,"y":-0.010425210930407048,"z":0.0007691129576414824,"w":0.997484564781189},"size":32.86070251464844,"orthographic":false}