{"cameraMode":{"drawMode":0,"name":"Shaded","section":"Shading Mode"},"sceneLighting":false,"audioPlay":false,"sceneViewState":{"m_AlwaysRefresh":false,"showFog":true,"showSkybox":false,"showFlares":true,"showImageEffects":true,"showParticleSystems":true,"showVisualEffectGraphs":true,"m_FxEnabled":true},"in2DMode":false,"pivot":{"x":36.22370147705078,"y":-63.966522216796878,"z":57.89842987060547},"rotation":{"x":0.02141234464943409,"y":0.9390882253646851,"z":-0.33781102299690249,"w":0.05952494218945503},"size":122.47449493408203,"orthographic":false}