{"cameraMode":{"drawMode":0,"name":"Shaded","section":"Shading Mode"},"sceneLighting":false,"audioPlay":false,"sceneViewState":{"m_AlwaysRefresh":false,"showFog":true,"showSkybox":false,"showFlares":true,"showImageEffects":true,"showParticleSystems":true,"showVisualEffectGraphs":true,"m_FxEnabled":true},"in2DMode":false,"pivot":{"x":-0.96360182762146,"y":1.3077459335327149,"z":-0.04677988588809967},"rotation":{"x":-0.020033033564686776,"y":0.7181769609451294,"z":-0.020699210464954377,"w":-0.6952797174453735},"size":1.1724324226379395,"orthographic":false}