{"cameraMode":{"drawMode":0,"name":"Shaded","section":"Shading Mode"},"sceneLighting":false,"audioPlay":false,"sceneViewState":{"m_AlwaysRefresh":false,"showFog":true,"showSkybox":false,"showFlares":true,"showImageEffects":true,"showParticleSystems":true,"showVisualEffectGraphs":true,"m_FxEnabled":true},"in2DMode":false,"pivot":{"x":-0.7210479974746704,"y":0.34510764479637148,"z":-0.6666213274002075},"rotation":{"x":0.03560498356819153,"y":0.9049728512763977,"z":0.07728079706430435,"w":-0.41690295934677126},"size":0.9159777760505676,"orthographic":false}